Province ID,Status
0,Used
1,Used
2,Used
3,Used
4,Used
5,Used
6,Used
7,Used
8,Used
9,Used
10,Used
11,Used
12,Used
13,Used
14,Used
15,Used
16,Used
17,Used
18,Used
19,Used
20,Used
21,Used
22,Used
23,Used
24,Used
25,Used
26,Used
27,Used
28,Used
29,Used
30,Used
31,Used
32,Used
33,Used
34,Used
35,Used
36,Used
37,Used
38,Used
39,Used
40,Used
41,Used
42,Used
43,Used
44,Used
45,Used
46,Used
47,Used
48,Used
49,Used
50,Used
51,Used
52,Used
53,Used
54,Used
55,Used
56,Used
57,Used
58,Used
59,Used
60,Used
61,Used
62,Used
63,Used
64,Used
65,Used
66,Used
67,Used
68,Used
69,Used
70,Used
71,Used
72,Used
73,Used
74,Used
75,Used
76,Used
77,Used
78,Used
79,Used
80,Used
81,Used
82,Used
83,Used
84,Used
85,Used
86,Used
87,Used
88,Used
89,Used
90,Used
91,Used
92,Used
93,Used
94,Used
95,Used
96,Used
97,Used
98,Used
99,Used
100,Used
101,Used
102,Used
103,Used
104,Used
105,Used
106,Used
107,Used
108,Used
109,Used
110,Used
111,Used
112,Used
113,Used
114,Used
115,Used
116,Used
117,Used
118,Used
119,Used
120,Used
121,Used
122,Used
123,Used
124,Used
125,Used
126,Used
127,Used
128,Used
129,Used
130,Used
131,Used
132,Used
133,Used
134,Used
135,Used
136,Used
137,Used
138,Used
139,Used
140,Used
141,Used
142,Used
143,Used
144,Used
145,Used
146,Used
147,Used
148,Used
149,Used
150,Used
151,Used
152,Used
153,Used
154,Used
155,Used
156,Used
157,Used
158,Used
159,Used
160,Used
161,Used
162,Used
163,Used
164,Used
165,Used
166,Used
167,Used
168,Used
169,Used
170,Used
171,Used
172,Used
173,Used
174,Used
175,Used
176,Used
177,Used
178,Used
179,Used
180,Used
181,Used
182,Used
183,Used
184,Used
185,Used
186,Used
187,Used
188,Used
189,Used
190,Used
191,Used
192,Used
193,Used
194,Used
195,Used
196,Used
197,Used
198,Used
199,Used
200,Used
201,Used
202,Used
203,Used
204,Used
205,Used
206,Used
207,Used
208,Used
209,Used
210,Used
211,Used
212,Used
213,Used
214,Used
215,Used
216,Used
217,Used
218,Used
219,Used
220,Used
221,Used
222,Used
223,Used
224,Used
225,Used
226,Used
227,Used
228,Used
229,Used
230,Used
231,Used
232,Used
233,Used
234,Used
235,Used
236,Used
237,Used
238,Used
239,Used
240,Used
241,Used
242,Used
243,Used
244,Used
245,Used
246,Used
247,Used
248,Used
249,Used
250,Used
251,Used
252,Used
253,Used
254,Used
255,Used
256,Used
257,Used
258,Used
259,Used
260,Used
261,Used
262,Used
263,Used
264,Used
265,Used
266,Used
267,Used
268,Used
269,Used
270,Used
271,Used
272,Used
273,Used
274,Used
275,Used
276,Used
277,Used
278,Used
279,Used
280,Used
281,Used
282,Used
283,Used
284,Used
285,Used
286,Used
287,Used
288,Used
289,Used
290,Used
291,Used
292,Used
293,Used
294,Used
295,Used
296,Used
297,Used
298,Used
299,Used
300,Used
301,Used
302,Used
303,Used
304,Used
305,Used
306,Used
307,Used
308,Used
309,Used
310,Used
311,Used
312,Used
313,Used
314,Not Used
315,Used
316,Used
317,Used
318,Used
319,Used
320,Used
321,Used
322,Used
323,Used
324,Used
325,Used
326,Used
327,Used
328,Used
329,Used
330,Used
331,Used
332,Used
333,Used
334,Used
335,Used
336,Used
337,Used
338,Used
339,Used
340,Used
341,Used
342,Used
343,Used
344,Used
345,Used
346,Used
347,Used
348,Used
349,Used
350,Used
351,Used
352,Used
353,Used
354,Used
355,Used
356,Used
357,Used
358,Used
359,Used
360,Used
361,Used
362,Used
363,Used
364,Used
365,Used
366,Used
367,Used
368,Used
369,Used
370,Used
371,Used
372,Used
373,Used
374,Used
375,Used
376,Used
377,Used
378,Used
379,Used
380,Used
381,Used
382,Used
383,Used
384,Used
385,Used
386,Used
387,Used
388,Used
389,Used
390,Used
391,Used
392,Used
393,Used
394,Used
395,Used
396,Used
397,Used
398,Used
399,Used
400,Used
401,Used
402,Used
403,Used
404,Used
405,Used
406,Used
407,Used
408,Used
409,Used
410,Used
411,Used
412,Used
413,Used
414,Used
415,Used
416,Used
417,Used
418,Used
419,Used
420,Used
421,Used
422,Used
423,Used
424,Used
425,Used
426,Used
427,Used
428,Used
429,Used
430,Used
431,Used
432,Used
433,Used
434,Used
435,Used
436,Used
437,Used
438,Used
439,Used
440,Used
441,Used
442,Used
443,Used
444,Used
445,Used
446,Used
447,Used
448,Used
449,Used
450,Used
451,Used
452,Used
453,Used
454,Used
455,Used
456,Used
457,Used
458,Used
459,Used
460,Used
461,Used
462,Used
463,Used
464,Used
465,Used
466,Used
467,Used
468,Used
469,Used
470,Used
471,Used
472,Used
473,Used
474,Used
475,Used
476,Used
477,Used
478,Used
479,Used
480,Used
481,Used
482,Used
483,Used
484,Used
485,Used
486,Used
487,Used
488,Used
489,Used
490,Used
491,Used
492,Used
493,Used
494,Used
495,Used
496,Used
497,Used
498,Used
499,Used
500,Used
501,Used
502,Used
503,Used
504,Used
505,Used
506,Used
507,Used
508,Used
509,Used
510,Used
511,Used
512,Used
513,Used
514,Used
515,Used
516,Used
517,Used
518,Used
519,Used
520,Used
521,Used
522,Used
523,Used
524,Used
525,Used
526,Used
527,Used
528,Used
529,Used
530,Used
531,Used
532,Used
533,Used
534,Used
535,Used
536,Used
537,Used
538,Used
539,Used
540,Used
541,Used
542,Used
543,Used
544,Used
545,Used
546,Used
547,Used
548,Used
549,Used
550,Used
551,Used
552,Used
553,Used
554,Used
555,Used
556,Used
557,Used
558,Used
559,Used
560,Used
561,Used
562,Used
563,Used
564,Used
565,Used
566,Used
567,Used
568,Used
569,Used
570,Used
571,Used
572,Used
573,Used
574,Used
575,Used
576,Used
577,Used
578,Used
579,Used
580,Used
581,Used
582,Used
583,Used
584,Used
585,Used
586,Used
587,Used
588,Used
589,Used
590,Used
591,Used
592,Used
593,Used
594,Used
595,Used
596,Used
597,Used
598,Used
599,Used
600,Used
601,Used
602,Used
603,Used
604,Used
605,Used
606,Used
607,Used
608,Used
609,Used
610,Used
611,Used
612,Used
613,Used
614,Used
615,Used
616,Used
617,Used
618,Used
619,Used
620,Used
621,Used
622,Used
623,Used
624,Used
625,Used
626,Used
627,Used
628,Used
629,Used
630,Used
631,Used
632,Used
633,Used
634,Used
635,Used
636,Used
637,Used
638,Used
639,Used
640,Used
641,Used
642,Used
643,Used
644,Used
645,Used
646,Used
647,Used
648,Used
649,Used
650,Used
651,Used
652,Used
653,Used
654,Used
655,Used
656,Used
657,Used
658,Used
659,Used
660,Used
661,Used
662,Used
663,Used
664,Used
665,Used
666,Used
667,Used
668,Used
669,Used
670,Used
671,Used
672,Used
673,Used
674,Used
675,Used
676,Used
677,Used
678,Used
679,Used
680,Used
681,Used
682,Used
683,Used
684,Used
685,Used
686,Used
687,Used
688,Used
689,Used
690,Used
691,Used
692,Used
693,Used
694,Used
695,Used
696,Used
697,Used
698,Used
699,Used
700,Used
701,Used
702,Used
703,Used
704,Used
705,Used
706,Used
707,Used
708,Used
709,Used
710,Used
711,Used
712,Used
713,Used
714,Used
715,Used
716,Used
717,Used
718,Used
719,Used
720,Used
721,Used
722,Used
723,Used
724,Used
725,Used
726,Used
727,Used
728,Used
729,Used
730,Used
731,Used
732,Used
733,Used
734,Used
735,Used
736,Used
737,Used
738,Used
739,Used
740,Used
741,Used
742,Used
743,Used
744,Used
745,Used
746,Used
747,Used
748,Used
749,Used
750,Used
751,Used
752,Used
753,Used
754,Used
755,Used
756,Used
757,Used
758,Used
759,Used
760,Used
761,Used
762,Used
763,Used
764,Used
765,Used
766,Used
767,Used
768,Used
769,Used
770,Used
771,Used
772,Used
773,Used
774,Used
775,Used
776,Used
777,Used
778,Used
779,Used
780,Used
781,Used
782,Used
783,Used
784,Used
785,Used
786,Used
787,Used
788,Used
789,Used
790,Used
791,Used
792,Used
793,Used
794,Used
795,Used
796,Used
797,Used
798,Used
799,Used
800,Used
801,Used
802,Used
803,Used
804,Used
805,Used
806,Used
807,Used
808,Used
809,Used
810,Used
811,Used
812,Used
813,Used
814,Used
815,Used
816,Used
817,Used
818,Used
819,Used
820,Used
821,Used
822,Used
823,Used
824,Used
825,Used
826,Used
827,Used
828,Used
829,Used
830,Used
831,Used
832,Used
833,Used
834,Used
835,Used
836,Used
837,Used
838,Used
839,Used
840,Used
841,Used
842,Used
843,Used
844,Used
845,Used
846,Used
847,Used
848,Used
849,Used
850,Used
851,Used
852,Used
853,Used
854,Used
855,Used
856,Used
857,Used
858,Used
859,Used
860,Used
861,Used
862,Used
863,Used
864,Used
865,Used
866,Used
867,Used
868,Used
869,Used
870,Used
871,Used
872,Used
873,Used
874,Used
875,Used
876,Used
877,Used
878,Used
879,Used
880,Used
881,Not Used
882,Used
883,Used
884,Used
885,Used
886,Used
887,Used
888,Used
889,Used
890,Used
891,Used
892,Used
893,Used
894,Used
895,Used
896,Used
897,Used
898,Used
899,Used
900,Used
901,Used
902,Used
903,Used
904,Used
905,Used
906,Used
907,Used
908,Used
909,Used
910,Used
911,Used
912,Used
913,Used
914,Used
915,Used
916,Used
917,Used
918,Used
919,Used
920,Used
921,Used
922,Used
923,Used
924,Used
925,Used
926,Used
927,Used
928,Used
929,Used
930,Used
931,Used
932,Used
933,Used
934,Used
935,Used
936,Used
937,Used
938,Used
939,Used
940,Used
941,Used
942,Used
943,Used
944,Used
945,Used
946,Used
947,Used
948,Used
949,Used
950,Used
951,Used
952,Used
953,Used
954,Used
955,Used
956,Used
957,Used
958,Used
959,Used
960,Used
961,Used
962,Used
963,Used
964,Used
965,Used
966,Used
967,Used
968,Used
969,Used
970,Used
971,Used
972,Used
973,Used
974,Used
975,Used
976,Used
977,Used
978,Used
979,Used
980,Used
981,Used
982,Used
983,Used
984,Used
985,Used
986,Used
987,Used
988,Used
989,Used
990,Used
991,Used
992,Used
993,Used
994,Used
995,Used
996,Used
997,Used
998,Used
999,Used
1000,Used
1001,Used
1002,Used
1003,Used
1004,Used
1005,Used
1006,Used
1007,Used
1008,Used
1009,Used
1010,Used
1011,Used
1012,Used
1013,Used
1014,Used
1015,Used
1016,Used
1017,Used
1018,Used
1019,Used
1020,Used
1021,Used
1022,Used
1023,Used
1024,Used
1025,Used
1026,Used
1027,Used
1028,Used
1029,Used
1030,Used
1031,Used
1032,Used
1033,Used
1034,Used
1035,Used
1036,Used
1037,Used
1038,Used
1039,Used
1040,Used
1041,Used
1042,Used
1043,Used
1044,Used
1045,Used
1046,Used
1047,Used
1048,Used
1049,Used
1050,Used
1051,Used
1052,Used
1053,Used
1054,Used
1055,Used
1056,Used
1057,Used
1058,Used
1059,Used
1060,Used
1061,Used
1062,Used
1063,Used
1064,Used
1065,Used
1066,Used
1067,Used
1068,Used
1069,Used
1070,Used
1071,Used
1072,Used
1073,Used
1074,Used
1075,Used
1076,Used
1077,Used
1078,Used
1079,Used
1080,Used
1081,Used
1082,Used
1083,Used
1084,Used
1085,Used
1086,Used
1087,Used
1088,Used
1089,Used
1090,Used
1091,Used
1092,Used
1093,Used
1094,Used
1095,Used
1096,Used
1097,Used
1098,Used
1099,Used
1100,Used
1101,Used
1102,Used
1103,Used
1104,Used
1105,Used
1106,Used
1107,Used
1108,Used
1109,Used
1110,Used
1111,Used
1112,Used
1113,Used
1114,Used
1115,Used
1116,Used
1117,Used
1118,Used
1119,Used
1120,Used
1121,Used
1122,Used
1123,Used
1124,Used
1125,Used
1126,Used
1127,Used
1128,Used
1129,Used
1130,Used
1131,Used
1132,Used
1133,Used
1134,Used
1135,Used
1136,Used
1137,Used
1138,Used
1139,Used
1140,Used
1141,Used
1142,Used
1143,Used
1144,Used
1145,Used
1146,Used
1147,Used
1148,Used
1149,Used
1150,Used
1151,Used
1152,Used
1153,Used
1154,Used
1155,Used
1156,Used
1157,Used
1158,Used
1159,Used
1160,Used
1161,Used
1162,Used
1163,Used
1164,Used
1165,Used
1166,Used
1167,Used
1168,Used
1169,Used
1170,Used
1171,Used
1172,Used
1173,Used
1174,Used
1175,Used
1176,Used
1177,Used
1178,Used
1179,Used
1180,Used
1181,Used
1182,Used
1183,Used
1184,Used
1185,Used
1186,Used
1187,Used
1188,Used
1189,Used
1190,Used
1191,Used
1192,Used
1193,Used
1194,Used
1195,Used
1196,Used
1197,Used
1198,Used
1199,Used
1200,Used
1201,Used
1202,Used
1203,Used
1204,Used
1205,Used
1206,Used
1207,Used
1208,Used
1209,Used
1210,Used
1211,Used
1212,Used
1213,Used
1214,Used
1215,Used
1216,Used
1217,Used
1218,Used
1219,Used
1220,Used
1221,Used
1222,Used
1223,Used
1224,Used
1225,Used
1226,Used
1227,Used
1228,Used
1229,Used
1230,Used
1231,Used
1232,Used
1233,Used
1234,Used
1235,Used
1236,Used
1237,Used
1238,Used
1239,Used
1240,Used
1241,Used
1242,Used
1243,Used
1244,Used
1245,Used
1246,Used
1247,Used
1248,Used
1249,Used
1250,Used
1251,Used
1252,Used
1253,Used
1254,Used
1255,Used
1256,Used
1257,Used
1258,Used
1259,Used
1260,Used
1261,Used
1262,Used
1263,Used
1264,Used
1265,Used
1266,Used
1267,Used
1268,Used
1269,Used
1270,Used
1271,Used
1272,Used
1273,Used
1274,Used
1275,Used
1276,Used
1277,Used
1278,Used
1279,Used
1280,Used
1281,Used
1282,Used
1283,Used
1284,Used
1285,Used
1286,Used
1287,Used
1288,Used
1289,Used
1290,Used
1291,Used
1292,Used
1293,Used
1294,Used
1295,Used
1296,Used
1297,Used
1298,Used
1299,Used
1300,Used
1301,Used
1302,Used
1303,Used
1304,Used
1305,Used
1306,Used
1307,Used
1308,Used
1309,Used
1310,Used
1311,Used
1312,Used
1313,Used
1314,Used
1315,Used
1316,Used
1317,Used
1318,Used
1319,Used
1320,Used
1321,Used
1322,Used
1323,Used
1324,Used
1325,Used
1326,Used
1327,Used
1328,Used
1329,Used
1330,Used
1331,Used
1332,Used
1333,Used
1334,Used
1335,Used
1336,Used
1337,Used
1338,Used
1339,Used
1340,Used
1341,Used
1342,Used
1343,Used
1344,Used
1345,Used
1346,Used
1347,Used
1348,Used
1349,Used
1350,Used
1351,Used
1352,Used
1353,Used
1354,Used
1355,Used
1356,Used
1357,Used
1358,Used
1359,Used
1360,Used
1361,Used
1362,Used
1363,Used
1364,Used
1365,Used
1366,Used
1367,Used
1368,Used
1369,Used
1370,Used
1371,Used
1372,Used
1373,Used
1374,Used
1375,Used
1376,Used
1377,Used
1378,Used
1379,Used
1380,Used
1381,Used
1382,Not Used
1383,Not Used
1384,Not Used
1385,Not Used
1386,Not Used
1387,Not Used
1388,Not Used
1389,Not Used
1390,Not Used
1391,Not Used
1392,Not Used
1393,Not Used
1394,Not Used
1395,Used
1396,Not Used
1397,Used
1398,Not Used
1399,Not Used
1400,Not Used
1401,Not Used
1402,Not Used
1403,Not Used
1404,Not Used
1405,Not Used
1406,Not Used
1407,Not Used
1408,Not Used
1409,Not Used
1410,Not Used
1411,Used
1412,Used
1413,Used
1414,Not Used
1415,Not Used
1416,Not Used
1417,Not Used
1418,Used
1419,Not Used
1420,Used
1421,Not Used
1422,Not Used
1423,Not Used
1424,Not Used
1425,Not Used
1426,Not Used
1427,Not Used
1428,Not Used
1429,Not Used
1430,Used
1431,Not Used
1432,Not Used
1433,Used
1434,Not Used
1435,Not Used
1436,Not Used
1437,Not Used
1438,Not Used
1439,Not Used
1440,Used
1441,Not Used
1442,Used
1443,Not Used
1444,Not Used
1445,Not Used
1446,Used
1447,Used
1448,Used
1449,Used
1450,Not Used
1451,Used
1452,Used
1453,Used
1454,Used
1455,Used
1456,Used
1457,Not Used
1458,Used
1459,Used
1460,Not Used
1461,Used
1462,Used
1463,Not Used
1464,Not Used
1465,Used
1466,Used
1467,Used
1468,Used
1469,Used
1470,Used
1471,Not Used
1472,Used
1473,Used
1474,Used
1475,Used
1476,Used
1477,Used
1478,Used
1479,Used
1480,Used
1481,Used
1482,Used
1483,Used
1484,Used
1485,Used
1486,Used
1487,Used
1488,Used
1489,Used
1490,Used
1491,Used
1492,Used
1493,Used
1494,Used
1495,Used
1496,Used
1497,Used
1498,Used
1499,Used
1500,Used
1501,Used
1502,Used
1503,Used
1504,Used
1505,Used
1506,Used
1507,Used
1508,Used
1509,Used
1510,Used
1511,Used
1512,Used
1513,Used
1514,Used
1515,Used
1516,Used
1517,Used
1518,Used
1519,Used
1520,Used
1521,Used
1522,Used
1523,Used
1524,Used
1525,Used
1526,Used
1527,Used
1528,Used
1529,Used
1530,Used
1531,Used
1532,Used
1533,Used
1534,Used
1535,Used
1536,Used
1537,Used
1538,Used
1539,Used
1540,Used
1541,Used
1542,Used
1543,Used
1544,Used
1545,Used
1546,Used
1547,Used
1548,Used
1549,Used
1550,Used
1551,Used
1552,Used
1553,Used
1554,Used
1555,Used
1556,Used
1557,Used
1558,Used
1559,Used
1560,Used
1561,Used
1562,Used
1563,Used
1564,Used
1565,Used
1566,Used
1567,Used
1568,Used
1569,Used
1570,Used
1571,Used
1572,Used
1573,Used
1574,Used
1575,Used
1576,Used
1577,Used
1578,Used
1579,Used
1580,Used
1581,Used
1582,Used
1583,Used
1584,Used
1585,Used
1586,Used
1587,Used
1588,Used
1589,Used
1590,Used
1591,Used
1592,Used
1593,Used
1594,Used
1595,Used
1596,Used
1597,Used
1598,Used
1599,Used
1600,Used
1601,Used
1602,Used
1603,Used
1604,Used
1605,Used
1606,Used
1607,Used
1608,Used
1609,Used
1610,Used
1611,Used
1612,Used
1613,Used
1614,Used
1615,Used
1616,Used
1617,Used
1618,Used
1619,Used
1620,Used
1621,Used
1622,Used
1623,Used
1624,Used
1625,Used
1626,Used
1627,Used
1628,Used
1629,Used
1630,Used
1631,Used
1632,Used
1633,Used
1634,Used
1635,Used
1636,Used
1637,Used
1638,Used
1639,Used
1640,Used
1641,Used
1642,Used
1643,Used
1644,Used
1645,Used
1646,Used
1647,Used
1648,Used
1649,Used
1650,Used
1651,Used
1652,Used
1653,Used
1654,Used
1655,Used
1656,Used
1657,Used
1658,Used
1659,Used
1660,Used
1661,Used
1662,Used
1663,Used
1664,Used
1665,Used
1666,Used
1667,Used
1668,Used
1669,Used
1670,Used
1671,Used
1672,Used
1673,Used
1674,Used
1675,Used
1676,Used
1677,Used
1678,Used
1679,Used
1680,Used
1681,Used
1682,Used
1683,Used
1684,Used
1685,Used
1686,Used
1687,Used
1688,Used
1689,Used
1690,Used
1691,Used
1692,Used
1693,Used
1694,Used
1695,Used
1696,Used
1697,Used
1698,Used
1699,Used
1700,Used
1701,Used
1702,Used
1703,Used
1704,Used
1705,Used
1706,Used
1707,Used
1708,Used
1709,Used
1710,Used
1711,Used
1712,Used
1713,Used
1714,Used
1715,Used
1716,Used
1717,Used
1718,Used
1719,Used
1720,Used
1721,Used
1722,Used
1723,Used
1724,Used
1725,Used
1726,Used
1727,Used
1728,Used
1729,Used
1730,Used
1731,Used
1732,Used
1733,Used
1734,Used
1735,Used
1736,Used
1737,Used
1738,Used
1739,Used
1740,Used
1741,Used
1742,Used
1743,Used
1744,Used
1745,Used
1746,Used
1747,Used
1748,Used
1749,Used
1750,Used
1751,Used
1752,Used
1753,Used
1754,Used
1755,Used
1756,Used
1757,Used
1758,Used
1759,Used
1760,Used
1761,Used
1762,Used
1763,Used
1764,Used
1765,Used
1766,Used
1767,Used
1768,Used
1769,Used
1770,Used
1771,Used
1772,Used
1773,Used
1774,Used
1775,Used
1776,Used
1777,Used
1778,Used
1779,Used
1780,Used
1781,Used
1782,Used
1783,Used
1784,Used
1785,Used
1786,Not Used
1787,Used
1788,Used
1789,Used
1790,Used
1791,Used
1792,Used
1793,Used
1794,Used
1795,Used
1796,Used
1797,Used
1798,Used
1799,Used
1800,Used
1801,Used
1802,Used
1803,Used
1804,Used
1805,Used
1806,Used
1807,Used
1808,Used
1809,Used
1810,Used
1811,Used
1812,Used
1813,Used
1814,Used
1815,Used
1816,Used
1817,Used
1818,Used
1819,Used
1820,Used
1821,Used
1822,Used
1823,Used
1824,Used
1825,Used
1826,Used
1827,Used
1828,Used
1829,Used
1830,Used
1831,Used
1832,Used
1833,Used
1834,Used
1835,Used
1836,Used
1837,Used
1838,Used
1839,Used
1840,Used
1841,Used
1842,Used
1843,Used
1844,Used
1845,Used
1846,Used
1847,Used
1848,Used
1849,Used
1850,Used
1851,Used
1852,Used
1853,Used
1854,Used
1855,Used
1856,Used
1857,Used
1858,Used
1859,Used
1860,Used
1861,Used
1862,Used
1863,Used
1864,Used
1865,Used
1866,Used
1867,Used
1868,Used
1869,Used
1870,Used
1871,Used
1872,Used
1873,Used
1874,Used
1875,Used
1876,Used
1877,Used
1878,Used
1879,Used
1880,Used
1881,Used
1882,Used
1883,Used
1884,Used
1885,Used
1886,Used
1887,Used
1888,Used
1889,Used
1890,Used
1891,Used
1892,Used
1893,Used
1894,Used
1895,Used
1896,Used
1897,Used
1898,Used
1899,Used
1900,Used
1901,Used
1902,Used
1903,Used
1904,Used
1905,Used
1906,Used
1907,Used
1908,Used
1909,Used
1910,Used
1911,Used
1912,Used
1913,Used
1914,Used
1915,Used
1916,Used
1917,Used
1918,Used
1919,Used
1920,Used
1921,Used
1922,Used
1923,Used
1924,Used
1925,Used
1926,Used
1927,Used
1928,Used
1929,Used
1930,Used
1931,Used
1932,Used
1933,Used
1934,Used
1935,Used
1936,Used
1937,Used
1938,Used
1939,Used
1940,Used
1941,Used
1942,Used
1943,Used
1944,Used
1945,Used
1946,Used
1947,Used
1948,Used
1949,Used
1950,Used
1951,Used
1952,Used
1953,Used
1954,Used
1955,Used
1956,Used
1957,Used
1958,Used
1959,Used
1960,Used
1961,Used
1962,Used
1963,Used
1964,Used
1965,Used
1966,Used
1967,Used
1968,Used
1969,Used
1970,Used
1971,Used
1972,Used
1973,Used
1974,Used
1975,Used
1976,Used
1977,Used
1978,Used
1979,Used
1980,Used
1981,Used
1982,Used
1983,Used
1984,Used
1985,Used
1986,Used
1987,Used
1988,Used
1989,Used
1990,Used
1991,Used
1992,Used
1993,Used
1994,Used
1995,Used
1996,Used
1997,Used
1998,Used
1999,Used
2000,Not Used
2001,Not Used
2002,Not Used
2003,Not Used
2004,Not Used
2005,Not Used
2006,Not Used
2007,Used
2008,Used
2009,Used
2010,Used
2011,Used
2012,Used
2013,Used
2014,Not Used
2015,Not Used
2016,Not Used
2017,Not Used
2018,Not Used
2019,Not Used
2020,Not Used
2021,Not Used
2022,Not Used
2023,Not Used
2024,Not Used
2025,Not Used
2026,Not Used
2027,Not Used
2028,Not Used
2029,Not Used
2030,Not Used
2031,Not Used
2032,Not Used
2033,Not Used
2034,Not Used
2035,Not Used
2036,Not Used
2037,Not Used
2038,Not Used
2039,Not Used
2040,Not Used
2041,Not Used
2042,Not Used
2043,Not Used
2044,Not Used
2045,Not Used
2046,Not Used
2047,Not Used
2048,Not Used
2049,Not Used
2050,Not Used
2051,Not Used
2052,Not Used
2053,Not Used
2054,Not Used
2055,Not Used
2056,Not Used
2057,Not Used
2058,Not Used
2059,Not Used
2060,Not Used
2061,Not Used
2062,Not Used
2063,Not Used
2064,Not Used
2065,Not Used
2066,Not Used
2067,Not Used
2068,Not Used
2069,Not Used
2070,Not Used
2071,Not Used
2072,Not Used
2073,Not Used
2074,Not Used
2075,Not Used
2076,Not Used
2077,Not Used
2078,Not Used
2079,Not Used
2080,Not Used
2081,Not Used
2082,Not Used
2083,Not Used
2084,Not Used
2085,Not Used
2086,Not Used
2087,Not Used
2088,Not Used
2089,Not Used
2090,Not Used
2091,Not Used
2092,Not Used
2093,Not Used
2094,Not Used
2095,Not Used
2096,Not Used
2097,Not Used
2098,Not Used
2099,Not Used
2100,Not Used
2101,Not Used
2102,Not Used
2103,Not Used
2104,Not Used
2105,Not Used
2106,Not Used
2107,Not Used
2108,Not Used
2109,Not Used
2110,Not Used
2111,Not Used
2112,Not Used
2113,Not Used
2114,Not Used
2115,Not Used
2116,Not Used
2117,Not Used
2118,Not Used
2119,Not Used
2120,Not Used
2121,Not Used
2122,Not Used
2123,Not Used
2124,Not Used
2125,Not Used
2126,Not Used
2127,Not Used
2128,Not Used
2129,Not Used
2130,Not Used
2131,Not Used
2132,Not Used
2133,Not Used
2134,Not Used
2135,Not Used
2136,Not Used
2137,Not Used
2138,Not Used
2139,Not Used
2140,Not Used
2141,Not Used
2142,Not Used
2143,Not Used
2144,Not Used
2145,Not Used
2146,Not Used
2147,Not Used
2148,Not Used
2149,Not Used
2150,Not Used
2151,Not Used
2152,Not Used
2153,Not Used
2154,Not Used
2155,Not Used
2156,Not Used
2157,Not Used
2158,Not Used
2159,Not Used
2160,Not Used
2161,Not Used
2162,Not Used
2163,Not Used
2164,Not Used
2165,Not Used
2166,Not Used
2167,Not Used
2168,Not Used
2169,Not Used
2170,Not Used
2171,Not Used
2172,Not Used
2173,Not Used
2174,Not Used
2175,Not Used
2176,Not Used
2177,Not Used
2178,Not Used
2179,Not Used
2180,Not Used
2181,Not Used
2182,Not Used
2183,Not Used
2184,Not Used
2185,Not Used
2186,Not Used
2187,Not Used
2188,Not Used
2189,Not Used
2190,Not Used
2191,Not Used
2192,Not Used
2193,Not Used
2194,Not Used
2195,Not Used
2196,Not Used
2197,Not Used
2198,Not Used
2199,Not Used
2200,Not Used
2201,Not Used
2202,Not Used
2203,Not Used
2204,Not Used
2205,Not Used
2206,Not Used
2207,Not Used
2208,Not Used
2209,Not Used
2210,Not Used
2211,Not Used
2212,Not Used
2213,Not Used
2214,Not Used
2215,Not Used
2216,Not Used
2217,Not Used
2218,Not Used
2219,Not Used
2220,Not Used
2221,Not Used
2222,Not Used
2223,Not Used
2224,Not Used
2225,Not Used
2226,Not Used
2227,Not Used
2228,Not Used
2229,Not Used
2230,Not Used
2231,Not Used
2232,Not Used
2233,Not Used
2234,Not Used
2235,Not Used
2236,Not Used
2237,Not Used
2238,Not Used
2239,Not Used
2240,Not Used
2241,Not Used
2242,Not Used
2243,Not Used
2244,Not Used
2245,Not Used
2246,Not Used
2247,Not Used
2248,Not Used
2249,Not Used
2250,Not Used
2251,Not Used
2252,Not Used
2253,Not Used
2254,Not Used
2255,Not Used
2256,Not Used
2257,Not Used
2258,Not Used
2259,Not Used
2260,Not Used
2261,Not Used
2262,Not Used
2263,Not Used
2264,Not Used
2265,Not Used
2266,Not Used
2267,Not Used
2268,Not Used
2269,Not Used
2270,Not Used
2271,Not Used
2272,Not Used
2273,Not Used
2274,Not Used
2275,Not Used
2276,Not Used
2277,Not Used
2278,Not Used
2279,Not Used
2280,Not Used
2281,Not Used
2282,Not Used
2283,Not Used
2284,Not Used
2285,Not Used
2286,Not Used
2287,Not Used
2288,Not Used
2289,Not Used
2290,Not Used
2291,Not Used
2292,Not Used
2293,Not Used
2294,Not Used
2295,Not Used
2296,Not Used
2297,Not Used
2298,Not Used
2299,Not Used
2300,Not Used
2301,Not Used
2302,Not Used
2303,Not Used
2304,Not Used
2305,Not Used
2306,Not Used
2307,Not Used
2308,Not Used
2309,Not Used
2310,Not Used
2311,Not Used
2312,Not Used
2313,Not Used
2314,Not Used
2315,Not Used
2316,Not Used
2317,Not Used
2318,Not Used
2319,Not Used
2320,Not Used
2321,Not Used
2322,Not Used
2323,Not Used
2324,Not Used
2325,Not Used
2326,Not Used
2327,Not Used
2328,Not Used
2329,Not Used
2330,Not Used
2331,Not Used
2332,Not Used
2333,Not Used
2334,Not Used
2335,Not Used
2336,Not Used
2337,Not Used
2338,Not Used
2339,Not Used
2340,Not Used
2341,Not Used
2342,Not Used
2343,Not Used
2344,Not Used
2345,Not Used
2346,Not Used
2347,Not Used
2348,Not Used
2349,Not Used
2350,Not Used
2351,Not Used
2352,Not Used
2353,Not Used
2354,Not Used
2355,Not Used
2356,Not Used
2357,Not Used
2358,Not Used
2359,Not Used
2360,Not Used
2361,Not Used
2362,Not Used
2363,Not Used
2364,Not Used
2365,Not Used
2366,Not Used
2367,Not Used
2368,Not Used
2369,Not Used
2370,Not Used
2371,Not Used
2372,Not Used
2373,Not Used
2374,Not Used
2375,Not Used
2376,Not Used
2377,Not Used
2378,Not Used
2379,Not Used
2380,Not Used
2381,Not Used
2382,Not Used
2383,Not Used
2384,Not Used
2385,Not Used
2386,Not Used
2387,Not Used
2388,Not Used
2389,Not Used
2390,Not Used
2391,Not Used
2392,Not Used
2393,Not Used
2394,Not Used
2395,Not Used
2396,Not Used
2397,Not Used
2398,Not Used
2399,Not Used
2400,Not Used
2401,Not Used
2402,Not Used
2403,Not Used
2404,Not Used
2405,Not Used
2406,Not Used
2407,Not Used
2408,Not Used
2409,Not Used
2410,Not Used
2411,Not Used
2412,Not Used
2413,Not Used
2414,Not Used
2415,Not Used
2416,Not Used
2417,Not Used
2418,Not Used
2419,Not Used
2420,Not Used
2421,Not Used
2422,Not Used
2423,Not Used
2424,Not Used
2425,Not Used
2426,Not Used
2427,Not Used
2428,Not Used
2429,Not Used
2430,Not Used
2431,Not Used
2432,Not Used
2433,Not Used
2434,Not Used
2435,Not Used
2436,Not Used
2437,Not Used
2438,Not Used
2439,Not Used
2440,Not Used
2441,Not Used
2442,Not Used
2443,Not Used
2444,Not Used
2445,Not Used
2446,Not Used
2447,Not Used
2448,Not Used
2449,Not Used
2450,Not Used
2451,Not Used
2452,Not Used
2453,Not Used
2454,Not Used
2455,Not Used
2456,Not Used
2457,Not Used
2458,Not Used
2459,Not Used
2460,Not Used
2461,Not Used
2462,Not Used
2463,Not Used
2464,Not Used
2465,Not Used
2466,Not Used
2467,Not Used
2468,Not Used
2469,Not Used
2470,Not Used
2471,Not Used
2472,Not Used
2473,Not Used
2474,Not Used
2475,Not Used
2476,Not Used
2477,Not Used
2478,Not Used
2479,Not Used
2480,Not Used
2481,Not Used
2482,Not Used
2483,Not Used
2484,Not Used
2485,Not Used
2486,Not Used
2487,Not Used
2488,Not Used
2489,Not Used
2490,Not Used
2491,Not Used
2492,Not Used
2493,Not Used
2494,Not Used
2495,Not Used
2496,Not Used
2497,Not Used
2498,Not Used
2499,Not Used
2500,Not Used
2501,Not Used
2502,Not Used
2503,Not Used
2504,Not Used
2505,Not Used
2506,Not Used
2507,Not Used
2508,Not Used
2509,Not Used
2510,Not Used
2511,Not Used
2512,Not Used
2513,Not Used
2514,Not Used
2515,Not Used
2516,Not Used
2517,Not Used
2518,Not Used
2519,Not Used
2520,Not Used
2521,Not Used
2522,Not Used
2523,Not Used
2524,Not Used
2525,Not Used
2526,Not Used
2527,Not Used
2528,Not Used
2529,Not Used
2530,Not Used
2531,Not Used
2532,Not Used
2533,Not Used
2534,Not Used
2535,Not Used
2536,Not Used
2537,Not Used
2538,Not Used
2539,Not Used
2540,Not Used
2541,Not Used
2542,Not Used
2543,Not Used
2544,Not Used
2545,Not Used
2546,Not Used
2547,Not Used
2548,Not Used
2549,Not Used
2550,Not Used
2551,Not Used
2552,Not Used
2553,Not Used
2554,Not Used
2555,Not Used
2556,Not Used
2557,Not Used
2558,Not Used
2559,Not Used
2560,Not Used
2561,Not Used
2562,Not Used
2563,Not Used
2564,Not Used
2565,Not Used
2566,Not Used
2567,Not Used
2568,Not Used
2569,Not Used
2570,Not Used
2571,Not Used
2572,Not Used
2573,Not Used
2574,Not Used
2575,Not Used
2576,Not Used
2577,Not Used
2578,Not Used
2579,Not Used
2580,Not Used
2581,Not Used
2582,Not Used
2583,Not Used
2584,Not Used
2585,Not Used
2586,Not Used
2587,Not Used
2588,Not Used
2589,Not Used
2590,Not Used
2591,Not Used
2592,Not Used
2593,Not Used
2594,Not Used
2595,Not Used
2596,Not Used
2597,Not Used
2598,Not Used
2599,Not Used
2600,Not Used
2601,Not Used
2602,Not Used
2603,Not Used
2604,Not Used
2605,Not Used
2606,Not Used
2607,Not Used
2608,Not Used
2609,Not Used
2610,Not Used
2611,Not Used
2612,Not Used
2613,Not Used
2614,Not Used
2615,Not Used
2616,Not Used
2617,Not Used
2618,Not Used
2619,Not Used
2620,Not Used
2621,Not Used
2622,Not Used
2623,Not Used
2624,Not Used
2625,Not Used
2626,Not Used
2627,Not Used
2628,Not Used
2629,Not Used
2630,Not Used
2631,Not Used
2632,Not Used
2633,Not Used
2634,Not Used
2635,Not Used
2636,Not Used
2637,Not Used
2638,Not Used
2639,Not Used
2640,Not Used
2641,Not Used
2642,Not Used
2643,Not Used
2644,Not Used
2645,Not Used
2646,Not Used
2647,Not Used
2648,Not Used
2649,Not Used
2650,Not Used
2651,Not Used
2652,Not Used
2653,Not Used
2654,Not Used
2655,Not Used
2656,Not Used
2657,Not Used
2658,Not Used
2659,Not Used
2660,Not Used
2661,Not Used
2662,Not Used
2663,Not Used
2664,Not Used
2665,Not Used
2666,Not Used
2667,Not Used
2668,Not Used
2669,Not Used
2670,Not Used
2671,Not Used
2672,Not Used
2673,Not Used
2674,Not Used
2675,Not Used
2676,Not Used
2677,Not Used
2678,Not Used
2679,Not Used
2680,Not Used
2681,Not Used
2682,Not Used
2683,Not Used
2684,Not Used
2685,Not Used
2686,Not Used
2687,Not Used
2688,Not Used
2689,Not Used
2690,Not Used
2691,Not Used
2692,Not Used
2693,Not Used
2694,Not Used
2695,Not Used
2696,Not Used
2697,Not Used
2698,Not Used
2699,Not Used
2700,Not Used
2701,Not Used
2702,Not Used
2703,Not Used
2704,Not Used
2705,Not Used
2706,Not Used
2707,Not Used
2708,Not Used
2709,Not Used
2710,Not Used
2711,Not Used
2712,Not Used
2713,Not Used
2714,Not Used
2715,Not Used
2716,Not Used
2717,Not Used
2718,Not Used
2719,Not Used
2720,Not Used
2721,Not Used
2722,Not Used
2723,Not Used
2724,Not Used
2725,Not Used
2726,Not Used
2727,Not Used
2728,Not Used
2729,Not Used
2730,Not Used
2731,Not Used
2732,Not Used
2733,Not Used
2734,Not Used
2735,Not Used
2736,Not Used
2737,Not Used
2738,Not Used
2739,Not Used
2740,Not Used
2741,Not Used
2742,Not Used
2743,Not Used
2744,Not Used
2745,Not Used
2746,Not Used
2747,Not Used
2748,Not Used
2749,Not Used
2750,Not Used
2751,Not Used
2752,Not Used
2753,Not Used
2754,Not Used
2755,Not Used
2756,Not Used
2757,Not Used
2758,Not Used
2759,Not Used
2760,Not Used
2761,Not Used
2762,Not Used
2763,Not Used
2764,Not Used
2765,Not Used
2766,Not Used
2767,Not Used
2768,Not Used
2769,Not Used
2770,Not Used
2771,Not Used
2772,Not Used
2773,Not Used
2774,Not Used
2775,Not Used
2776,Not Used
2777,Not Used
2778,Not Used
2779,Not Used
2780,Not Used
2781,Not Used
2782,Not Used
2783,Not Used
2784,Not Used
2785,Not Used
2786,Not Used
2787,Not Used
2788,Not Used
2789,Not Used
2790,Not Used
2791,Not Used
2792,Not Used
2793,Not Used
2794,Not Used
2795,Not Used
2796,Not Used
2797,Not Used
2798,Not Used
2799,Not Used
2800,Not Used
2801,Not Used
2802,Not Used
2803,Not Used
2804,Not Used
2805,Not Used
2806,Not Used
2807,Not Used
2808,Not Used
2809,Not Used
2810,Not Used
2811,Not Used
2812,Not Used
2813,Not Used
2814,Not Used
2815,Not Used
2816,Not Used
2817,Not Used
2818,Not Used
2819,Not Used
2820,Not Used
2821,Not Used
2822,Not Used
2823,Not Used
2824,Not Used
2825,Not Used
2826,Not Used
2827,Not Used
2828,Not Used
2829,Not Used
2830,Not Used
2831,Not Used
2832,Not Used
2833,Not Used
2834,Not Used
2835,Not Used
2836,Not Used
2837,Not Used
2838,Not Used
2839,Not Used
2840,Not Used
2841,Not Used
2842,Not Used
2843,Not Used
2844,Not Used
2845,Not Used
2846,Not Used
2847,Not Used
2848,Not Used
2849,Not Used
2850,Not Used
2851,Not Used
2852,Not Used
2853,Not Used
2854,Not Used
2855,Not Used
2856,Not Used
2857,Not Used
2858,Not Used
2859,Not Used
2860,Not Used
2861,Not Used
2862,Not Used
2863,Not Used
2864,Not Used
2865,Not Used
2866,Not Used
2867,Not Used
2868,Not Used
2869,Not Used
2870,Not Used
2871,Not Used
2872,Not Used
2873,Not Used
2874,Not Used
2875,Not Used
2876,Not Used
2877,Not Used
2878,Not Used
2879,Not Used
2880,Not Used
2881,Not Used
2882,Not Used
2883,Not Used
2884,Not Used
2885,Not Used
2886,Not Used
2887,Not Used
2888,Not Used
2889,Not Used
2890,Not Used
2891,Not Used
2892,Not Used
2893,Not Used
2894,Not Used
2895,Not Used
2896,Not Used
2897,Not Used
2898,Not Used
2899,Not Used
2900,Not Used
2901,Not Used
2902,Not Used
2903,Not Used
2904,Not Used
2905,Not Used
2906,Not Used
2907,Not Used
2908,Not Used
2909,Not Used
2910,Not Used
2911,Not Used
2912,Not Used
2913,Not Used
2914,Not Used
2915,Not Used
2916,Not Used
2917,Not Used
2918,Not Used
2919,Not Used
2920,Not Used
2921,Not Used
2922,Not Used
2923,Not Used
2924,Not Used
2925,Not Used
2926,Not Used
2927,Not Used
2928,Not Used
2929,Not Used
2930,Not Used
2931,Not Used
2932,Not Used
2933,Not Used
2934,Not Used
2935,Not Used
2936,Not Used
2937,Not Used
2938,Not Used
2939,Not Used
2940,Not Used
2941,Not Used
2942,Not Used
2943,Not Used
2944,Not Used
2945,Not Used
2946,Not Used
2947,Not Used
2948,Not Used
2949,Not Used
2950,Not Used
2951,Not Used
2952,Not Used
2953,Not Used
2954,Not Used
2955,Not Used
2956,Not Used
2957,Not Used
2958,Not Used
2959,Not Used
2960,Not Used
2961,Not Used
2962,Not Used
2963,Not Used
2964,Not Used
2965,Not Used
2966,Not Used
2967,Not Used
2968,Not Used
2969,Not Used
2970,Not Used
2971,Not Used
2972,Not Used
2973,Not Used
2974,Not Used
2975,Not Used
2976,Not Used
2977,Not Used
2978,Not Used
2979,Not Used
2980,Not Used
2981,Not Used
2982,Not Used
2983,Not Used
2984,Not Used
2985,Not Used
2986,Not Used
2987,Not Used
2988,Not Used
2989,Not Used
2990,Not Used
2991,Not Used
2992,Not Used
2993,Not Used
2994,Not Used
2995,Not Used
2996,Not Used
2997,Not Used
2998,Not Used
2999,Not Used
3000,Not Used
3001,Not Used
3002,Not Used
3003,Not Used
3004,Not Used
3005,Not Used
3006,Not Used
3007,Not Used
3008,Not Used
3009,Not Used
3010,Not Used
3011,Not Used
3012,Not Used
3013,Not Used
3014,Not Used
3015,Not Used
3016,Not Used
3017,Not Used
3018,Not Used
3019,Not Used
3020,Not Used
3021,Not Used
3022,Not Used
3023,Not Used
3024,Not Used
3025,Not Used
3026,Not Used
3027,Not Used
3028,Not Used
3029,Not Used
3030,Not Used
3031,Not Used
3032,Not Used
3033,Not Used
3034,Not Used
3035,Not Used
3036,Not Used
3037,Not Used
3038,Not Used
3039,Not Used
3040,Not Used
3041,Not Used
3042,Not Used
3043,Not Used
3044,Not Used
3045,Not Used
3046,Not Used
3047,Not Used
3048,Not Used
3049,Not Used
3050,Not Used
3051,Not Used
3052,Not Used
3053,Not Used
3054,Not Used
3055,Not Used
3056,Not Used
3057,Not Used
3058,Not Used
3059,Not Used
3060,Not Used
3061,Not Used
3062,Not Used
3063,Not Used
3064,Not Used
3065,Not Used
3066,Not Used
3067,Not Used
3068,Not Used
3069,Not Used
3070,Not Used
3071,Not Used
3072,Not Used
3073,Not Used
3074,Not Used
3075,Not Used
3076,Not Used
3077,Not Used
3078,Not Used
3079,Not Used
3080,Not Used
3081,Not Used
3082,Not Used
3083,Not Used
3084,Not Used
3085,Not Used
3086,Not Used
3087,Not Used
3088,Not Used
3089,Not Used
3090,Not Used
3091,Not Used
3092,Not Used
3093,Not Used
3094,Not Used
3095,Not Used
3096,Not Used
3097,Not Used
3098,Not Used
3099,Not Used
3100,Not Used
3101,Not Used
3102,Not Used
3103,Not Used
3104,Not Used
3105,Not Used
3106,Not Used
3107,Not Used
3108,Not Used
3109,Not Used
3110,Not Used
3111,Not Used
3112,Not Used
3113,Not Used
3114,Not Used
3115,Not Used
3116,Not Used
3117,Not Used
3118,Not Used
3119,Not Used
3120,Not Used
3121,Not Used
3122,Not Used
3123,Not Used
3124,Not Used
3125,Not Used
3126,Not Used
3127,Not Used
3128,Not Used
3129,Not Used
3130,Not Used
3131,Not Used
3132,Not Used
3133,Not Used
3134,Not Used
3135,Not Used
3136,Not Used
3137,Not Used
3138,Not Used
3139,Not Used
3140,Not Used
3141,Not Used
3142,Not Used
3143,Not Used
3144,Not Used
3145,Not Used
3146,Not Used
3147,Not Used
3148,Not Used
3149,Not Used
3150,Not Used
3151,Not Used
3152,Not Used
3153,Not Used
3154,Not Used
3155,Not Used
3156,Not Used
3157,Not Used
3158,Not Used
3159,Not Used
3160,Not Used
3161,Not Used
3162,Not Used
3163,Not Used
3164,Not Used
3165,Not Used
3166,Not Used
3167,Not Used
3168,Not Used
3169,Not Used
3170,Not Used
3171,Not Used
3172,Not Used
3173,Not Used
3174,Not Used
3175,Not Used
3176,Not Used
3177,Not Used
3178,Not Used
3179,Not Used
3180,Not Used
3181,Not Used
3182,Not Used
3183,Not Used
3184,Not Used
3185,Not Used
3186,Not Used
3187,Not Used
3188,Not Used
3189,Not Used
3190,Not Used
3191,Not Used
3192,Not Used
3193,Not Used
3194,Not Used
3195,Not Used
3196,Not Used
3197,Not Used
3198,Not Used
3199,Not Used
3200,Not Used
3201,Not Used
3202,Not Used
3203,Not Used
3204,Not Used
3205,Not Used
3206,Not Used
3207,Not Used
3208,Not Used
3209,Not Used
3210,Not Used
3211,Not Used
3212,Not Used
3213,Not Used
3214,Not Used
3215,Not Used
3216,Not Used
3217,Not Used
3218,Not Used
3219,Not Used
3220,Not Used
3221,Not Used
3222,Not Used
3223,Not Used
3224,Not Used
3225,Not Used
3226,Not Used
3227,Not Used
3228,Not Used
3229,Not Used
3230,Not Used
3231,Not Used
3232,Not Used
3233,Not Used
3234,Not Used
3235,Not Used
3236,Not Used
3237,Not Used
3238,Not Used
3239,Not Used
3240,Not Used
3241,Not Used
3242,Not Used
3243,Not Used
3244,Not Used
3245,Not Used
3246,Not Used
3247,Not Used
3248,Not Used
3249,Not Used
3250,Not Used
3251,Not Used
3252,Not Used
3253,Not Used
3254,Not Used
3255,Not Used
3256,Not Used
3257,Not Used
3258,Not Used
3259,Not Used
3260,Not Used
3261,Not Used
3262,Not Used
3263,Not Used
3264,Not Used
3265,Not Used
3266,Not Used
3267,Not Used
3268,Not Used
3269,Not Used
3270,Not Used
3271,Not Used
3272,Not Used
3273,Not Used
3274,Not Used
3275,Not Used
3276,Not Used
3277,Not Used
3278,Not Used
3279,Not Used
3280,Not Used
3281,Not Used
3282,Not Used
3283,Not Used
3284,Not Used
3285,Not Used
3286,Not Used
3287,Not Used
3288,Not Used
3289,Not Used
3290,Not Used
3291,Not Used
3292,Not Used
3293,Not Used
3294,Not Used
3295,Not Used
3296,Not Used
3297,Not Used
3298,Not Used
3299,Not Used
3300,Not Used
3301,Not Used
3302,Not Used
3303,Not Used
3304,Not Used
3305,Not Used
3306,Not Used
3307,Not Used
3308,Not Used
3309,Not Used
3310,Not Used
3311,Not Used
3312,Not Used
3313,Not Used
3314,Not Used
3315,Not Used
3316,Not Used
3317,Not Used
3318,Not Used
3319,Not Used
3320,Not Used
3321,Not Used
3322,Not Used
3323,Not Used
3324,Not Used
3325,Not Used
3326,Not Used
3327,Not Used
3328,Not Used
3329,Not Used
3330,Not Used
3331,Not Used
3332,Not Used
3333,Not Used
3334,Not Used
3335,Not Used
3336,Not Used
3337,Not Used
3338,Not Used
3339,Not Used
3340,Not Used
3341,Not Used
3342,Not Used
3343,Not Used
3344,Not Used
3345,Not Used
3346,Not Used
3347,Not Used
3348,Not Used
3349,Not Used
3350,Not Used
3351,Not Used
3352,Not Used
3353,Not Used
3354,Not Used
3355,Not Used
3356,Not Used
3357,Not Used
3358,Not Used
3359,Not Used
3360,Not Used
3361,Not Used
3362,Not Used
3363,Not Used
3364,Not Used
3365,Not Used
3366,Not Used
3367,Not Used
3368,Not Used
3369,Not Used
3370,Not Used
3371,Not Used
3372,Not Used
3373,Not Used
3374,Not Used
3375,Not Used
3376,Not Used
3377,Not Used
3378,Not Used
3379,Not Used
3380,Not Used
3381,Not Used
3382,Not Used
3383,Not Used
3384,Not Used
3385,Not Used
3386,Not Used
3387,Not Used
3388,Not Used
3389,Not Used
3390,Not Used
3391,Not Used
3392,Not Used
3393,Not Used
3394,Not Used
3395,Not Used
3396,Not Used
3397,Not Used
3398,Not Used
3399,Not Used
3400,Not Used
3401,Not Used
3402,Not Used
3403,Not Used
3404,Not Used
3405,Not Used
3406,Not Used
3407,Not Used
3408,Not Used
3409,Not Used
3410,Not Used
3411,Not Used
3412,Not Used
3413,Not Used
3414,Not Used
3415,Not Used
3416,Not Used
3417,Not Used
3418,Not Used
3419,Not Used
3420,Not Used
3421,Not Used
3422,Not Used
3423,Not Used
3424,Not Used
3425,Not Used
3426,Not Used
3427,Not Used
3428,Not Used
3429,Not Used
3430,Not Used
3431,Not Used
3432,Not Used
3433,Not Used
3434,Not Used
3435,Not Used
3436,Not Used
3437,Not Used
3438,Not Used
3439,Not Used
3440,Not Used
3441,Not Used
3442,Not Used
3443,Not Used
3444,Not Used
3445,Not Used
3446,Not Used
3447,Not Used
3448,Not Used
3449,Not Used
3450,Not Used
3451,Not Used
3452,Not Used
3453,Not Used
3454,Not Used
3455,Not Used
3456,Not Used
3457,Not Used
3458,Not Used
3459,Not Used
3460,Not Used
3461,Not Used
3462,Not Used
3463,Not Used
3464,Not Used
3465,Not Used
3466,Not Used
3467,Not Used
3468,Not Used
3469,Not Used
3470,Not Used
3471,Not Used
3472,Not Used
3473,Not Used
3474,Not Used
3475,Not Used
3476,Not Used
3477,Not Used
3478,Not Used
3479,Not Used
3480,Not Used
3481,Not Used
3482,Not Used
3483,Not Used
3484,Not Used
3485,Not Used
3486,Not Used
3487,Not Used
3488,Not Used
3489,Not Used
3490,Not Used
3491,Not Used
3492,Not Used
3493,Not Used
3494,Not Used
3495,Not Used
3496,Not Used
3497,Not Used
3498,Not Used
3499,Not Used
3500,Not Used
3501,Not Used
3502,Not Used
3503,Not Used
3504,Not Used
3505,Not Used
3506,Not Used
3507,Not Used
3508,Not Used
3509,Not Used
3510,Not Used
3511,Not Used
3512,Not Used
3513,Not Used
3514,Not Used
3515,Not Used
3516,Not Used
3517,Not Used
3518,Not Used
3519,Not Used
3520,Not Used
3521,Not Used
3522,Not Used
3523,Not Used
3524,Not Used
3525,Not Used
3526,Not Used
3527,Not Used
3528,Not Used
3529,Not Used
3530,Not Used
3531,Not Used
3532,Not Used
3533,Not Used
3534,Not Used
3535,Not Used
3536,Not Used
3537,Not Used
3538,Not Used
3539,Not Used
3540,Not Used
3541,Not Used
3542,Not Used
3543,Not Used
3544,Not Used
3545,Not Used
3546,Not Used
3547,Not Used
3548,Not Used
3549,Not Used
3550,Not Used
3551,Not Used
3552,Not Used
3553,Not Used
3554,Not Used
3555,Not Used
3556,Not Used
3557,Not Used
3558,Not Used
3559,Not Used
3560,Not Used
3561,Not Used
3562,Not Used
3563,Not Used
3564,Not Used
3565,Not Used
3566,Not Used
3567,Not Used
3568,Not Used
3569,Not Used
3570,Not Used
3571,Not Used
3572,Not Used
3573,Not Used
3574,Not Used
3575,Not Used
3576,Not Used
3577,Not Used
3578,Not Used
3579,Not Used
3580,Not Used
3581,Not Used
3582,Not Used
3583,Not Used
3584,Not Used
3585,Not Used
3586,Not Used
3587,Not Used
3588,Not Used
3589,Not Used
3590,Not Used
3591,Not Used
3592,Not Used
3593,Not Used
3594,Not Used
3595,Not Used
3596,Not Used
3597,Not Used
3598,Not Used
3599,Not Used
3600,Not Used
3601,Not Used
3602,Not Used
3603,Not Used
3604,Not Used
3605,Not Used
3606,Not Used
3607,Not Used
3608,Not Used
3609,Not Used
3610,Not Used
3611,Not Used
3612,Not Used
3613,Not Used
3614,Not Used
3615,Not Used
3616,Not Used
3617,Not Used
3618,Not Used
3619,Not Used
3620,Not Used
3621,Not Used
3622,Not Used
3623,Not Used
3624,Not Used
3625,Not Used
3626,Not Used
3627,Not Used
3628,Not Used
3629,Not Used
3630,Not Used
3631,Not Used
3632,Not Used
3633,Not Used
3634,Not Used
3635,Not Used
3636,Not Used
3637,Not Used
3638,Not Used
3639,Not Used
3640,Not Used
3641,Not Used
3642,Not Used
3643,Not Used
3644,Not Used
3645,Not Used
3646,Not Used
3647,Not Used
3648,Not Used
3649,Not Used
3650,Not Used
3651,Not Used
3652,Not Used
3653,Not Used
3654,Not Used
3655,Not Used
3656,Not Used
3657,Not Used
3658,Not Used
3659,Not Used
3660,Not Used
3661,Not Used
3662,Not Used
3663,Not Used
3664,Not Used
3665,Not Used
3666,Not Used
3667,Not Used
3668,Not Used
3669,Not Used
3670,Not Used
3671,Not Used
3672,Not Used
3673,Not Used
3674,Not Used
3675,Not Used
3676,Not Used
3677,Not Used
3678,Not Used
3679,Not Used
3680,Not Used
3681,Not Used
3682,Not Used
3683,Not Used
3684,Not Used
3685,Not Used
3686,Not Used
3687,Not Used
3688,Not Used
3689,Not Used
3690,Not Used
3691,Not Used
3692,Not Used
3693,Not Used
3694,Not Used
3695,Not Used
3696,Not Used
3697,Not Used
3698,Not Used
3699,Not Used
3700,Not Used
3701,Not Used
3702,Not Used
3703,Not Used
3704,Not Used
3705,Not Used
3706,Not Used
3707,Not Used
3708,Not Used
3709,Not Used
3710,Not Used
3711,Not Used
3712,Not Used
3713,Not Used
3714,Not Used
3715,Not Used
3716,Not Used
3717,Not Used
3718,Not Used
3719,Not Used
3720,Not Used
3721,Not Used
3722,Not Used
3723,Not Used
3724,Not Used
3725,Not Used
3726,Not Used
3727,Not Used
3728,Not Used
3729,Not Used
3730,Not Used
3731,Not Used
3732,Not Used
3733,Not Used
3734,Not Used
3735,Not Used
3736,Not Used
3737,Not Used
3738,Not Used
3739,Not Used
3740,Not Used
3741,Not Used
3742,Not Used
3743,Not Used
3744,Not Used
3745,Not Used
3746,Not Used
3747,Not Used
3748,Not Used
3749,Not Used
3750,Not Used
3751,Not Used
3752,Not Used
3753,Not Used
3754,Not Used
3755,Not Used
3756,Not Used
3757,Not Used
3758,Not Used
3759,Not Used
3760,Not Used
3761,Not Used
3762,Not Used
3763,Not Used
3764,Not Used
3765,Not Used
3766,Not Used
3767,Not Used
3768,Not Used
3769,Not Used
3770,Not Used
3771,Not Used
3772,Not Used
3773,Not Used
3774,Not Used
3775,Not Used
3776,Not Used
3777,Not Used
3778,Not Used
3779,Not Used
3780,Not Used
3781,Not Used
3782,Not Used
3783,Not Used
3784,Not Used
3785,Not Used
3786,Not Used
3787,Not Used
3788,Not Used
3789,Not Used
3790,Not Used
3791,Not Used
3792,Not Used
3793,Not Used
3794,Not Used
3795,Not Used
3796,Not Used
3797,Not Used
3798,Not Used
3799,Not Used
3800,Not Used
3801,Not Used
3802,Not Used
3803,Not Used
3804,Not Used
3805,Not Used
3806,Not Used
3807,Not Used
3808,Not Used
3809,Not Used
3810,Not Used
3811,Not Used
3812,Not Used
3813,Not Used
3814,Not Used
3815,Not Used
3816,Not Used
3817,Not Used
3818,Not Used
3819,Not Used
3820,Not Used
3821,Not Used
3822,Not Used
3823,Not Used
3824,Not Used
3825,Not Used
3826,Not Used
3827,Not Used
3828,Not Used
3829,Not Used
3830,Not Used
3831,Not Used
3832,Not Used
3833,Not Used
3834,Not Used
3835,Not Used
3836,Not Used
3837,Not Used
3838,Not Used
3839,Not Used
3840,Not Used
3841,Not Used
3842,Not Used
3843,Not Used
3844,Not Used
3845,Not Used
3846,Not Used
3847,Not Used
3848,Not Used
3849,Not Used
3850,Not Used
3851,Not Used
3852,Not Used
3853,Not Used
3854,Not Used
3855,Not Used
3856,Not Used
3857,Not Used
3858,Not Used
3859,Not Used
3860,Not Used
3861,Not Used
3862,Not Used
3863,Not Used
3864,Not Used
3865,Not Used
3866,Not Used
3867,Not Used
3868,Not Used
3869,Not Used
3870,Not Used
3871,Not Used
3872,Not Used
3873,Not Used
3874,Not Used
3875,Not Used
3876,Not Used
3877,Not Used
3878,Not Used
3879,Not Used
3880,Not Used
3881,Not Used
3882,Not Used
3883,Not Used
3884,Not Used
3885,Not Used
3886,Not Used
3887,Not Used
3888,Not Used
3889,Not Used
3890,Not Used
3891,Not Used
3892,Not Used
3893,Not Used
3894,Not Used
3895,Not Used
3896,Not Used
3897,Not Used
3898,Not Used
3899,Not Used
3900,Not Used
3901,Not Used
3902,Not Used
3903,Not Used
3904,Not Used
3905,Not Used
3906,Not Used
3907,Not Used
3908,Not Used
3909,Not Used
3910,Not Used
3911,Not Used
3912,Not Used
3913,Not Used
3914,Not Used
3915,Not Used
3916,Not Used
3917,Not Used
3918,Not Used
3919,Not Used
3920,Not Used
3921,Not Used
3922,Not Used
3923,Not Used
3924,Not Used
3925,Not Used
3926,Not Used
3927,Not Used
3928,Not Used
3929,Not Used
3930,Not Used
3931,Not Used
3932,Not Used
3933,Not Used
3934,Not Used
3935,Not Used
3936,Not Used
3937,Not Used
3938,Not Used
3939,Not Used
3940,Not Used
3941,Not Used
3942,Not Used
3943,Not Used
3944,Not Used
3945,Not Used
3946,Not Used
3947,Not Used
3948,Not Used
3949,Not Used
3950,Not Used
3951,Not Used
3952,Not Used
3953,Not Used
3954,Not Used
3955,Not Used
3956,Not Used
3957,Not Used
3958,Not Used
3959,Not Used
3960,Not Used
3961,Not Used
3962,Not Used
3963,Not Used
3964,Not Used
3965,Not Used
3966,Not Used
3967,Not Used
3968,Not Used
3969,Not Used
3970,Not Used
3971,Not Used
3972,Not Used
3973,Not Used
3974,Not Used
3975,Not Used
3976,Not Used
3977,Not Used
3978,Not Used
3979,Not Used
3980,Not Used
3981,Not Used
3982,Not Used
3983,Not Used
3984,Not Used
3985,Not Used
3986,Not Used
3987,Not Used
3988,Not Used
3989,Not Used
3990,Not Used
3991,Not Used
3992,Not Used
3993,Not Used
3994,Not Used
3995,Not Used
3996,Not Used
3997,Not Used
3998,Not Used
3999,Not Used
4000,Not Used
